{
    "accuracy_linear": 0.9649122807017544,
    "accuracy_rbf": 0.956140350877193,
    "rbf_best_params": {
        "C": 100,
        "gamma": 0.01
    },
    "classification_report_linear": {
        "0": {
            "precision": 0.9473684210526315,
            "recall": 1.0,
            "f1-score": 0.972972972972973,
            "support": 72.0
        },
        "1": {
            "precision": 1.0,
            "recall": 0.9047619047619048,
            "f1-score": 0.95,
            "support": 42.0
        },
        "accuracy": 0.9649122807017544,
        "macro avg": {
            "precision": 0.9736842105263157,
            "recall": 0.9523809523809523,
            "f1-score": 0.9614864864864865,
            "support": 114.0
        },
        "weighted avg": {
            "precision": 0.966759002770083,
            "recall": 0.9649122807017544,
            "f1-score": 0.9645092460881936,
            "support": 114.0
        }
    },
    "classification_report_rbf": {
        "0": {
            "precision": 0.958904109589041,
            "recall": 0.9722222222222222,
            "f1-score": 0.9655172413793104,
            "support": 72.0
        },
        "1": {
            "precision": 0.9512195121951219,
            "recall": 0.9285714285714286,
            "f1-score": 0.9397590361445783,
            "support": 42.0
        },
        "accuracy": 0.956140350877193,
        "macro avg": {
            "precision": 0.9550618108920814,
            "recall": 0.9503968253968254,
            "f1-score": 0.9526381387619444,
            "support": 114.0
        },
        "weighted avg": {
            "precision": 0.9560729421281235,
            "recall": 0.956140350877193,
            "f1-score": 0.9560273762928302,
            "support": 114.0
        }
    }
}